<featureType>
  <id>FeatureTypeInfoImpl-5dc16118:1429a1b3126:-4d1b</id>
  <name>vulnerabili_ambientali</name>
  <nativeName>vulnerabili_ambientali</nativeName>
  <namespace>
    <id>NamespaceInfoImpl--570ae188:124761b8d78:-7ffc</id>
  </namespace>
  <title>vulnerabili_ambientali</title>
  <keywords>
    <string>vulnerabili_ambientali</string>
    <string>features</string>
  </keywords>
  <nativeCRS class="projected">PROJCS[&quot;WGS 84 / UTM zone 32N&quot;, &#xd;
  GEOGCS[&quot;WGS 84&quot;, &#xd;
    DATUM[&quot;World Geodetic System 1984&quot;, &#xd;
      SPHEROID[&quot;WGS 84&quot;, 6378137.0, 298.257223563, AUTHORITY[&quot;EPSG&quot;,&quot;7030&quot;]], &#xd;
      AUTHORITY[&quot;EPSG&quot;,&quot;6326&quot;]], &#xd;
    PRIMEM[&quot;Greenwich&quot;, 0.0, AUTHORITY[&quot;EPSG&quot;,&quot;8901&quot;]], &#xd;
    UNIT[&quot;degree&quot;, 0.017453292519943295], &#xd;
    AXIS[&quot;Geodetic longitude&quot;, EAST], &#xd;
    AXIS[&quot;Geodetic latitude&quot;, NORTH], &#xd;
    AUTHORITY[&quot;EPSG&quot;,&quot;4326&quot;]], &#xd;
  PROJECTION[&quot;Transverse_Mercator&quot;, AUTHORITY[&quot;EPSG&quot;,&quot;9807&quot;]], &#xd;
  PARAMETER[&quot;central_meridian&quot;, 9.0], &#xd;
  PARAMETER[&quot;latitude_of_origin&quot;, 0.0], &#xd;
  PARAMETER[&quot;scale_factor&quot;, 0.9996], &#xd;
  PARAMETER[&quot;false_easting&quot;, 500000.0], &#xd;
  PARAMETER[&quot;false_northing&quot;, 0.0], &#xd;
  UNIT[&quot;m&quot;, 1.0], &#xd;
  AXIS[&quot;Easting&quot;, EAST], &#xd;
  AXIS[&quot;Northing&quot;, NORTH], &#xd;
  AUTHORITY[&quot;EPSG&quot;,&quot;32632&quot;]]</nativeCRS>
  <srs>EPSG:32632</srs>
  <nativeBoundingBox>
    <minx>314500.0</minx>
    <maxx>765826.5590057758</maxx>
    <miny>4879330.0</miny>
    <maxy>5219819.357880223</maxy>
    <crs class="projected">EPSG:32632</crs>
  </nativeBoundingBox>
  <latLonBoundingBox>
    <minx>6.5551487389395975</minx>
    <maxx>12.501817289399026</maxx>
    <miny>44.01897684367107</miny>
    <maxy>47.130944873125614</maxy>
    <crs>GEOGCS[&quot;WGS84(DD)&quot;, &#xd;
  DATUM[&quot;WGS84&quot;, &#xd;
    SPHEROID[&quot;WGS84&quot;, 6378137.0, 298.257223563]], &#xd;
  PRIMEM[&quot;Greenwich&quot;, 0.0], &#xd;
  UNIT[&quot;degree&quot;, 0.017453292519943295], &#xd;
  AXIS[&quot;Geodetic longitude&quot;, EAST], &#xd;
  AXIS[&quot;Geodetic latitude&quot;, NORTH]]</crs>
  </latLonBoundingBox>
  <projectionPolicy>FORCE_DECLARED</projectionPolicy>
  <enabled>true</enabled>
  <advertised>true</advertised>
  <metadata>
    <entry key="cachingEnabled">false</entry>
    <entry key="JDBC_VIRTUAL_TABLE">
      <virtualTable>
        <name>vulnerabili_ambientali</name>
        <sql>select 1 as id, ST_GeomFromText(&apos;POINT(0 0)&apos;,32632) as geometria</sql>
        <geometry>
          <name>geometria</name>
          <type>Geometry</type>
          <srid>32632</srid>
        </geometry>
      </virtualTable>
    </entry>
  </metadata>
  <store class="dataStore">
    <id>DataStoreInfoImpl--3970ff67:13c00cf828a:-7fef</id>
  </store>
  <maxFeatures>0</maxFeatures>
  <numDecimals>0</numDecimals>
</featureType>